953304055337668608,@GrimoireLab
2423532368,@GrimoireLab
378273223,@jgbarah2
1477811,@jgbarah2
10656282,@jgbarah2
9381862,@jgbarah2
78353612,@jgbarah2
866629989516660736,@jgbarah2
1238812293045063680,@jgbarah2
17588665,@jgbarah2
535707261,@jgbarah2
1243228191952711690,@jgbarah2
1558261352,@jgbarah2
17421364,@jgbarah2
11366122,@jgbarah2
1066994215710797824,@jgbarah2
486486638,@jgbarah2
2170361,@jgbarah2
300424022,@jgbarah2
211167741,@jgbarah2
9091262,@jgbarah2
880089745,@jgbarah2
703904755572146176,@jgbarah2
97030663,@jgbarah2
27214680,@jgbarah2
103619522,@jgbarah2
913366724254322688,@jgbarah2
1088160189394702337,@jgbarah2
2639836139,@jgbarah2
15297381,@jgbarah2
2148181143,@jgbarah2
484075636,@jgbarah2
956160427909636098,@jgbarah2
304915291,@jgbarah2
1051544982228733954,@jgbarah2
91106214,@jgbarah2
17772404,@jgbarah2
1770311,@jgbarah2
57912382,@jgbarah2
1095730566329188352,@jgbarah2
3160660247,@jgbarah2
760515512577224704,@jgbarah2
95232591,@jgbarah2
108932245,@jgbarah2
135806950,@jgbarah2
271443835,@jgbarah2
2910853983,@jgbarah2
2366151,@jgbarah2
1361984828,@jgbarah2
788294431317364736,@jgbarah2
17508247,@jgbarah2
779977,@jgbarah2
288426731,@jgbarah2
3233705999,@jgbarah2
62983,@jgbarah2
130508197,@jgbarah2
803912469928443904,@jgbarah2
364918820,@jgbarah2
1003944397707280384,@jgbarah2
3118372523,@jgbarah2
95177547,@jgbarah2
388884371,@jgbarah2
1168518632,@jgbarah2
222626964,@jgbarah2
11419202,@jgbarah2
973918686,@jgbarah2
839144408,@jgbarah2
246229685,@jgbarah2
6440602,@jgbarah2
1095598611767926784,@jgbarah2
394912313,@jgbarah2
9648722,@jgbarah2
132497377,@jgbarah2
476683172,@jgbarah2
1099963638041976832,@jgbarah2
225400632,@jgbarah2
137010911,@jgbarah2
62963,@jgbarah2
164628863,@jgbarah2
10048652,@jgbarah2
106377667,@jgbarah2
240787906,@jgbarah2
1474021,@jgbarah2
55271283,@jgbarah2
302561311,@jgbarah2
16695645,@jgbarah2
16558988,@jgbarah2
66116319,@jgbarah2
44320986,@jgbarah2
306094376,@jgbarah2
37883400,@jgbarah2
185590442,@jgbarah2
306249211,@jgbarah2
68442845,@jgbarah2
